kind,slug,url,title,published,updated,authors,author_slugs,tags,doi,classification,visibility,html_bytes,plaintext_words,has_codeinjection,feature_image,canonical_url,n_local_assets,n_external_assets,n_outbound_links,local_assets,external_assets,outbound_links
page,account,https://www.underworldcode.org/account/,Manage your account,2001-01-01,2026-07-07,Louis Moresi,louis,,,retire,public,1074,98,True,https://images.unsplash.com/photo-1595014361820-91c39c0cf800?ixlib=rb-1.2.1&q=80&fm=jpg&crop=entropy&cs=tinysrgb&w=2000&fit=max&ixid=eyJhcHBfaWQiOjExNzczfQ,,2,0,0,https://www.underworldcode.org/content/images/2020/08/Screen-Shot-2020-08-20-at-1.48.22-pm.png https://www.underworldcode.org/content/images/size/w600/2020/08/Screen-Shot-2020-08-20-at-1.48.22-pm.png,,
page,intro-to-underworld,https://www.underworldcode.org/intro-to-underworld/,Underworld,2019-08-13,2026-07-07,Louis Moresi,louis,Underworld Code; Geodynamics; #dropdown-item-software; #editors-pick,,migrate,public,7030,839,True,https://images.unsplash.com/photo-1515851644205-ba5667246676?ixlib=rb-1.2.1&q=80&fm=jpg&crop=entropy&cs=tinysrgb&w=2000&fit=max&ixid=eyJhcHBfaWQiOjExNzczfQ,,0,0,11,,,http://www.arc.gov.au/ http://www.github.com/underworldcode/underworld2 http://www.mcs.anl.gov/petsc/ http://www.monash.edu/ http://www.moresi.info/ http://www.nectar.org.au/eresearch-tools http://www.unimelb.edu.au/ http://www.vpac.org/ https://disqus.com/home/forums/underworldcode/ https://jupyter.org/ https://www.auscope.org.au/
page,tags,https://www.underworldcode.org/tags/,Collections of articles by subject,2019-08-21,2026-07-07,Louis Moresi,louis,,,routing,public,169,23,True,,,0,0,0,,,
page,authors,https://www.underworldcode.org/authors/,Authors,2019-08-22,2026-07-07,Louis Moresi,louis,,,routing,public,33,4,True,https://images.unsplash.com/photo-1434030216411-0b793f4b4173?ixlib=rb-1.2.1&q=80&fm=jpg&crop=entropy&cs=tinysrgb&w=2000&fit=max&ixid=eyJhcHBfaWQiOjExNzczfQ,,0,0,0,,,
page,group-publications,https://www.underworldcode.org/group-publications/,Our Publications,2019-08-27,2026-07-07,Rebecca Farrington; Louis Moresi,rebecca; louis,#dropdown-item-publications,,migrate,public,869,30,True,https://images.unsplash.com/photo-1530819568329-97653eafbbfa?ixlib=rb-1.2.1&q=80&fm=jpg&crop=entropy&cs=tinysrgb&w=2000&fit=max&ixid=eyJhcHBfaWQiOjExNzczfQ,,0,0,1,,,https://www.zotero.org/groups/2386948/underworld-geodynamics-community/items/collectionKey/BZCLFTDA
page,stripy,https://www.underworldcode.org/stripy/,Stripy,2019-08-27,2026-07-07,Louis Moresi; Ben Mather,louis; ben-mather,#dropdown-item-software; #editors-pick,,migrate,public,7793,806,True,https://images.unsplash.com/photo-1452717602770-b78d1b2115e1?ixlib=rb-1.2.1&q=80&fm=jpg&crop=entropy&cs=tinysrgb&w=2000&fit=max&ixid=eyJhcHBfaWQiOjExNzczfQ,,4,2,4,https://www.underworldcode.org/content/images/2020/08/seafloor-age-topo-1.png https://www.underworldcode.org/content/images/2020/08/stripy-grids-1.png https://www.underworldcode.org/content/images/size/w600/2020/08/seafloor-age-topo-1.png https://www.underworldcode.org/content/images/size/w600/2020/08/stripy-grids-1.png,http://joss.theoj.org/papers/10.21105/joss.01410/status.svg https://mybinder.org/badge_logo.svg,http://links.underworldcode.org/stripy-live https://doi.org/10.21105/joss.01410 https://github.com/underworldcode/stripy https://underworldcode.github.io/stripy/
page,ugcomm,https://www.underworldcode.org/ugcomm/,About us,2019-08-27,2026-07-07,Louis Moresi,louis,Geodynamics; Underworld Code,,migrate,public,1518,164,True,https://www.underworldcode.org/content/images/2020/08/Etopo1_grayscale_r_3600x1800-2-1.jpg,,0,0,2,,,http://bgh.org.au/ https://nci.org.au/
page,auscope-cloud,https://www.underworldcode.org/auscope-cloud/,About the AuScope Cloud,2019-08-29,2026-07-07,Louis Moresi,louis,AuScope UW Cloud; #dropdown-item-cloud,,migrate,public,1445,209,True,https://images.unsplash.com/photo-1517483000871-1dbf64a6e1c6?ixlib=rb-1.2.1&q=80&fm=jpg&crop=entropy&cs=tinysrgb&w=2000&fit=max&ixid=eyJhcHBfaWQiOjExNzczfQ,,0,0,2,,,http://www.auscope.org.au/ http://www.mybinder.org/
page,credits,https://www.underworldcode.org/credits/,Credits,2019-09-06,2026-07-07,Louis Moresi; John Mansour; Rebecca Farrington; Julian Giordani; Romain Beucher; Ben Mather,louis; john; rebecca; julian; romain; ben-mather,,,migrate,public,3193,355,True,https://images.unsplash.com/photo-1584890280660-9322ee35baf1?ixlib=rb-1.2.1&q=80&fm=jpg&crop=entropy&cs=tinysrgb&w=2000&fit=max&ixid=eyJhcHBfaWQiOjExNzczfQ,,0,0,6,,,https://github.com/underworld-community https://github.com/underworldcode https://nci.org.au/ https://www.arc.gov.au/ https://www.auscope.org.au/ https://www.earthbyte.org/the-basin-genesis-hub/
page,lavavu,https://www.underworldcode.org/lavavu/,Lavavu,2019-09-11,2026-07-07,Louis Moresi,louis,Lavavu; #dropdown-item-software,,migrate,public,8426,794,True,https://images.unsplash.com/photo-1516537219851-920e2670c6e3?ixlib=rb-1.2.1&q=80&fm=jpg&crop=entropy&cs=tinysrgb&w=2000&fit=max&ixid=eyJhcHBfaWQiOjExNzczfQ,,0,2,22,,https://camo.githubusercontent.com/784dc00020fecdcdb5ae2b277e871c701145c5f5/687474703a2f2f6f77656e2e6b616c757a612e69642e61752f536c696465732f323031372d30382d31352f4c61766156752e706e67 https://camo.githubusercontent.com/c97ed9d2f19d512a9bff9296001a95e35a2fad5d/68747470733a2f2f7a656e6f646f2e6f72672f62616467652f34353136333035352e737667,http://dx.doi.org/10.1007/s10069-008-0010-2 http://dx.doi.org/10.1080/2151237X.2008.10129269 http://github.com/nothings/stb http://github.com/uic-evl/omegalib http://monash.edu.au/mivp http://www.auscope.org.au/ncris/ http://www.dannyruijters.nl/cubicinterpolation/ http://www.swig.org/ https://github.com/lavavu/LavaVu https://github.com/lavavu/LavaVu/issues https://github.com/lvandeve/lodepng https://github.com/mivp/LavaVR https://github.com/nlohmann/json https://github.com/richgel999/jpeg-compressor https://github.com/richgel999/miniz https://github.com/sgorsten/linalg https://github.com/syoyo/tinyobjloader https://github.com/underworldcode/underworld2/ https://lavavu.github.io/Documentation https://lavavu.github.io/Documentation/ https://www.anaconda.com/download https://www.sqlite.org/
page,lm-publications,https://www.underworldcode.org/lm-publications/,Publications by Louis Moresi,2019-10-11,2026-07-07,Louis Moresi,louis,,,migrate,public,675,14,True,https://images.unsplash.com/photo-1503681355143-d5485eea7f14?ixlib=rb-1.2.1&q=80&fm=jpg&crop=entropy&cs=tinysrgb&w=2000&fit=max&ixid=eyJhcHBfaWQiOjExNzczfQ,,0,0,1,,,https://www.zotero.org/lmoresi
page,how-to-cite-underworld,https://www.underworldcode.org/how-to-cite-underworld/,How to cite underworld codes,2019-10-14,2026-07-07,Louis Moresi; John Mansour; Ben Mather; Rebecca Farrington; Romain Beucher; Julian Giordani,louis; john; ben-mather; rebecca; romain; julian,#dropdown-item-publications; Documentation; Underworld Code,,migrate,public,4816,459,True,https://images.unsplash.com/photo-1530819568329-97653eafbbfa?ixlib=rb-1.2.1&q=80&fm=jpg&crop=entropy&cs=tinysrgb&w=2000&fit=max&ixid=eyJhcHBfaWQiOjExNzczfQ,,0,0,12,,,https://doi.org/10.1007/s10852-008-9097-6 https://doi.org/10.1016/S0021-9991(02)00031-1 https://doi.org/10.1016/j.pepi.2007.06.009 https://doi.org/10.1016/j.pepi.2008.07.036 https://doi.org/10.1063/1.868465 https://doi.org/10.21105/joss.01410 https://doi.org/10.21105/joss.01797 https://doi.org/10.5281/zenodo.1195597 https://doi.org/10.5281/zenodo.1422825 https://doi.org/10.5281/zenodo.1436039 https://doi.org/10/cf3h5q https://doi.org/10/gf9rmd
page,publications-using-uw,https://www.underworldcode.org/publications-using-uw/,Who's Using Underworld,2019-10-14,2026-07-07,Louis Moresi,louis,#dropdown-item-publications; #plus-comments,,migrate,public,1807,128,True,https://images.unsplash.com/photo-1530819568329-97653eafbbfa?ixlib=rb-1.2.1&q=80&fm=jpg&crop=entropy&cs=tinysrgb&w=2000&fit=max&ixid=eyJhcHBfaWQiOjExNzczfQ,,0,0,3,,,http://mailto:underworld_publications@agora.geophysics-down-under.geoscience.education/ https://doi.org/10.5281/zenodo.1195597 https://www.zotero.org/groups/2386948/underworld-geodynamics-community/items/collectionKey/QNARWBUC
page,congested-subduction-workshop,https://www.underworldcode.org/congested-subduction-workshop/,Congested Subduction Workshop,2020-02-07,2026-07-07,Louis Moresi,louis,Geodynamics,,migrate,public,10680,785,True,https://images.unsplash.com/photo-1584265394159-d0644e6a6e11?ixlib=rb-1.2.1&q=80&fm=jpg&crop=entropy&cs=tinysrgb&w=2000&fit=max&ixid=eyJhcHBfaWQiOjExNzczfQ,,0,2,4,,https://d24cgw3uvb9a9h.cloudfront.net/static/93854/image/thumb.png https://d24cgw3uvb9a9h.cloudfront.net/zoom.ico,https://anu.zoom.us/j/3915962707 https://trendsideas.com/stories/phoenix-rising-4 https://www.dropbox.com/sh/rrt8x6an8ykferc/AABP2XyCPCUDUaRBi4JoNvtJa https://www.eventbrite.com.au/e/anu-congested-subduction-workshop-tickets-97954822511
page,uw-mailing-lists,https://www.underworldcode.org/uw-mailing-lists/,Underworld Community Mailing list and Discussion Forum,2020-08-24,2026-07-07,Louis Moresi,louis,,,migrate,public,5131,68,True,https://images.unsplash.com/photo-1515595428534-8dd68f1909c0?ixlib=rb-1.2.1&q=80&fm=jpg&crop=entropy&cs=tinysrgb&w=2000&fit=max&ixid=eyJhcHBfaWQiOjExNzczfQ,,0,0,1,,,https://forums.geophysics-down-under.geoscience.education/
page,content,https://www.underworldcode.org/content/,Index by date,2020-08-25,2026-07-07,Louis Moresi,louis,,,routing,public,0,0,True,,,0,0,0,,,
page,underworld-model-exchange,https://www.underworldcode.org/underworld-model-exchange/,Underworld Model Exchange,2020-08-28,2026-07-07,Louis Moresi; Ben Mather; John Mansour; Julian Giordani,louis; ben-mather; john; julian,#dropdown-item-cloud,,migrate,public,4039,206,True,https://images.unsplash.com/photo-1498579397066-22750a3cb424?ixlib=rb-1.2.1&q=80&fm=jpg&crop=entropy&cs=tinysrgb&w=2000&fit=max&ixid=eyJhcHBfaWQiOjExNzczfQ,,2,3,4,https://www.underworldcode.org/content/images/2020/10/image.png https://www.underworldcode.org/content/images/size/w600/2020/10/image.png,https://avatars1.githubusercontent.com/u/50940395?s=400&v=4 https://github.com/underworld-community/cenki-tok-et-al-crustal-roots-in-stable-continents/raw/master/media/FigC.png https://github.githubassets.com/favicons/favicon.svg,https://doi.org/10.1130/G47301.1 https://github.com/underworld-community https://github.com/underworld-community/cenki-tok-et-al-crustal-roots-in-stable-continents https://github.com/underworld-community/underworld-standard-examples
page,who-is-using-stripy,https://www.underworldcode.org/who-is-using-stripy/,Who's using stripy,2020-09-03,2026-07-07,Louis Moresi; Ben Mather,louis; ben-mather,#dropdown-item-publications; #plus-comments,,migrate,public,1462,92,True,https://images.unsplash.com/photo-1452717602770-b78d1b2115e1?ixlib=rb-1.2.1&q=80&fm=jpg&crop=entropy&cs=tinysrgb&w=2000&fit=max&ixid=eyJhcHBfaWQiOjExNzczfQ,,0,0,2,,,https://doi.org/10.5281/zenodo.1195597 https://www.zotero.org/groups/2386948/underworld-geodynamics-community/items/collectionKey/QNARWBUC
page,underworld-steering-committee,https://www.underworldcode.org/underworld-steering-committee/,Underworld Steering Committee,2021-03-17,2026-07-07,Louis Moresi,louis,Underworld Code; Governance,,migrate,public,1730,210,True,https://images.unsplash.com/photo-1553365866-9e43e9fae6c5?crop=entropy&cs=tinysrgb&fit=max&fm=jpg&ixid=MnwxMTc3M3wwfDF8c2VhcmNofDM1fHxzdGVlcmluZ3xlbnwwfHx8fDE2MTU5NjQ1NDA&ixlib=rb-1.2.1&q=80&w=2000,,0,0,0,,,
page,underworld-geodynamics-community,https://www.underworldcode.org/underworld-geodynamics-community/,Underworld Geodynamics Community,2023-10-18,2026-07-07,Louis Moresi,louis,,,migrate,public,900,4,True,,,2,0,0,https://www.underworldcode.org/content/images/2023/10/208017187-337d3f2f-b52c-4c42-978e-3f0203bd83b4.png https://www.underworldcode.org/content/images/size/w600/2023/10/208017187-337d3f2f-b52c-4c42-978e-3f0203bd83b4.png,,
page,rce-10,https://www.underworldcode.org/rce-10/,S,2026-07-30,2026-07-30,Louis Moresi,louis,,,artefact,public,0,0,False,,,0,0,0,,,
page,rce-11,https://www.underworldcode.org/rce-11/,S,2026-07-30,2026-07-30,Louis Moresi,louis,,,artefact,public,0,0,False,,,0,0,0,,,
page,rce-2,https://www.underworldcode.org/rce-2/,S,2026-07-30,2026-07-30,Louis Moresi,louis,,,artefact,public,0,0,False,,,0,0,0,,,
page,rce-3,https://www.underworldcode.org/rce-3/,S,2026-07-30,2026-07-30,Louis Moresi,louis,,,artefact,public,0,0,False,,,0,0,0,,,
page,rce-4,https://www.underworldcode.org/rce-4/,S,2026-07-30,2026-07-30,Louis Moresi,louis,,,artefact,public,0,0,False,,,0,0,0,,,
page,rce-5,https://www.underworldcode.org/rce-5/,V,2026-07-30,2026-07-30,Louis Moresi,louis,,,artefact,public,0,0,False,,,0,0,0,,,
page,rce-6,https://www.underworldcode.org/rce-6/,V,2026-07-30,2026-07-30,Louis Moresi,louis,,,artefact,public,0,0,False,,,0,0,0,,,
page,rce-7,https://www.underworldcode.org/rce-7/,S,2026-07-30,2026-07-30,Louis Moresi,louis,,,artefact,public,0,0,False,,,0,0,0,,,
page,rce-8,https://www.underworldcode.org/rce-8/,S,2026-07-30,2026-07-30,Louis Moresi,louis,,,artefact,public,0,0,False,,,0,0,0,,,
page,rce-9,https://www.underworldcode.org/rce-9/,S,2026-07-30,2026-07-30,Louis Moresi,louis,,,artefact,public,0,0,False,,,0,0,0,,,
page,rce,https://www.underworldcode.org/rce/,S,2026-07-31,2026-07-31,Louis Moresi,louis,,,artefact,public,0,0,False,,,0,0,0,,,
page,rce-12,https://www.underworldcode.org/rce-12/,S,2026-07-31,2026-07-31,Louis Moresi,louis,,,artefact,public,0,0,False,,,0,0,0,,,
page,rce-13,https://www.underworldcode.org/rce-13/,S,2026-07-31,2026-07-31,Louis Moresi,louis,,,artefact,public,0,0,False,,,0,0,0,,,
post,the-dynamics-of-continental-accretion,https://www.underworldcode.org/the-dynamics-of-continental-accretion/,The Dynamics of Continental Accretion,2014-04-01,2026-07-07,Louis Moresi,louis,Geodynamics; Underworld Code; #editors-pick,10.59350/73ded-8k350,migrate,public,8051,1003,True,https://www.underworldcode.org/content/images/2020/08/GkFmdzbSQ0O394T7Muc4_Congestion.png,,0,4,2,,http://user-image.logdown.io/user/7331/blog/7268/post/192386/ImpKS6BgT4WPS9aLFRjq_AdditionalImages3.png http://user-image.logdown.io/user/7331/blog/7268/post/192386/WXDOHuPTeahzWe7TyFGA_Figure1.png http://user-image.logdown.io/user/7331/blog/7268/post/192386/cfU0Y2uSpOJOl3Ygh0bv_AdditionalImages1.png http://user-image.logdown.io/user/7331/blog/7268/post/192386/tbheDw9bTmG3iMln5ptm_AdditionalImages2.png,http://dx.doi.org/10.1038/nature13033 http://www.nature.com/nature/journal/vaop/ncurrent/full/nature13033.html
post,underworld-2,https://www.underworldcode.org/underworld-2/,Underworld 2,2015-08-11,2026-07-07,Louis Moresi,louis,Underworld Code,10.59350/fsmnk-jat73,migrate,public,13586,1601,True,https://www.underworldcode.org/content/images/2020/08/AbbotsfordConventRenovation.png,,6,0,1,https://www.underworldcode.org/content/images/2020/08/ScreenShot-AnalyticSolns.png https://www.underworldcode.org/content/images/2020/08/ScreenShot-Convection.png https://www.underworldcode.org/content/images/2020/08/ScreenShot-RayleighTaylor.png https://www.underworldcode.org/content/images/size/w600/2020/08/ScreenShot-AnalyticSolns.png https://www.underworldcode.org/content/images/size/w600/2020/08/ScreenShot-Convection.png https://www.underworldcode.org/content/images/size/w600/2020/08/ScreenShot-RayleighTaylor.png,,http://www.facebook.com/underworldcode
post,underworld-and-docker-part-1,https://www.underworldcode.org/underworld-and-docker-part-1/,Underworld and Docker (part 1),2015-09-01,2026-07-07,Julian Giordani,julian,AuScope UW Cloud; #editors-pick,10.59350/y8762-pe280,migrate,public,16571,2014,True,https://www.underworldcode.org/content/images/2020/08/Moby-logo-1.png,,0,1,8,,https://underworldcode.ghost.io/content/images/2019/09/dockeredNotebook.png,http://192.168.99.100:8888/ http://docs.docker.com/engine/installation/ http://localhost:8888/ https://en.wikipedia.org/wiki/Docker_(software) https://en.wikipedia.org/wiki/Operating-system-level_virtualization https://hub.docker.com/ https://hub.docker.com/u/underworldcode/ https://www.docker.com/what-docker
post,underworld-and-docker-part-2,https://www.underworldcode.org/underworld-and-docker-part-2/,Underworld and Docker (part 2),2015-09-15,2026-07-07,Julian Giordani; John Mansour,julian; john,AuScope UW Cloud,10.59350/4cqwc-rth67,migrate,public,7490,811,True,https://www.underworldcode.org/content/images/2020/08/Moby-logo.png,,4,4,1,https://www.underworldcode.org/content/images/2020/08/Kitematic6i.png https://www.underworldcode.org/content/images/2020/08/Kitematic6ii.png https://www.underworldcode.org/content/images/size/w600/2020/08/Kitematic6i.png https://www.underworldcode.org/content/images/size/w600/2020/08/Kitematic6ii.png,https://underworldcode.ghost.io/content/images/2019/09/Kitematic2.png https://underworldcode.ghost.io/content/images/2019/09/Kitematic3.png https://underworldcode.ghost.io/content/images/2019/09/Kitematic4.png https://underworldcode.ghost.io/content/images/2019/09/Kitematic6.png,https://kitematic.com/docs/managing-volumes/
post,underworld2-workshop-at-cig-2016-meeting,https://www.underworldcode.org/underworld2-workshop-at-cig-2016-meeting/,Underworld2 Workshop at CIG 2016 Meeting,2016-02-29,2026-07-07,John Mansour,john,Underworld Code; Underworld Workshops,10.59350/m1brb-ah254,migrate,public,2492,263,True,https://www.underworldcode.org/content/images/2020/08/cUbw-7hqRnekC12ktm-pDw_thumb_2a2.jpg,,0,0,4,,,https://docs.docker.com/linux/ https://github.com/underworldcode/underworld2/ https://jupyter.org/ https://kitematic.com/
post,shear-bands-with-dilatancy-modelled-with-underworld,https://www.underworldcode.org/shear-bands-with-dilatancy-modelled-with-underworld/,Shear Bands with Dilatancy modelled with Underworld,2017-05-05,2026-07-07,Louis Moresi,louis,Geodynamics; Underworld Code,10.59350/awc90-63186,migrate,public,2717,165,True,https://www.underworldcode.org/content/images/2020/08/ModelComparisonClose.png,,3,2,2,https://www.underworldcode.org/content/images/2019/09/ModelComparison.png https://www.underworldcode.org/content/images/2020/08/ModelComparison.png https://www.underworldcode.org/content/images/size/w600/2020/08/ModelComparison.png,https://link.springer.com/springerlink-static/1031054787/images/favicon/app-icon-iphone@3x.png https://static-content.springer.com/cover/book/978-3-030-14987-1.jpg,https://doi.org/10.1007/978-3-030-14987-1_13 https://link.springer.com/chapter/10.1007/978-3-030-14987-1_13
post,untitled-2,https://www.underworldcode.org/untitled-2/,Using physical units in Underworld,2017-05-24,2026-07-07,Romain Beucher,romain,Underworld Code; #editors-pick,10.59350/ts8za-rv858,migrate,public,3499,470,True,https://www.underworldcode.org/content/images/2020/08/Scale.png,,0,0,3,,,https://github.com/underworldcode/underworld2/blob/development/docs/examples/1_14_ScalingExample.ipynb https://imgs.xkcd.com/comics/dimensional_analysis.png https://pint.readthedocs.io/
post,untitled,https://www.underworldcode.org/untitled/,Modelling Drips and Delamination with Underworld,2017-06-29,2026-07-07,Louis Moresi,louis,Geodynamics; Underworld Code; #editors-pick,10.59350/x638s-dpr14,migrate,public,12896,1615,True,https://www.underworldcode.org/content/images/2020/08/schematic-1.png,,0,4,4,,https://underworldcode.ghost.io/content/images/2019/08/comparison.png https://underworldcode.ghost.io/content/images/2019/08/schematic-1.png https://underworldcode.ghost.io/content/images/2019/08/timescales.png https://underworldcode.ghost.io/content/images/2019/08/triggereddripping.png,https://academic.oup.com/gji/article-abstract/210/2/671/3813427/Dripping-or-delamination-A-range-of-mechanisms-for https://github.com/underworldcode/underworld2/blob/development/docs/examples/1_15_Rayleigh_Taylor_GrowthRate.ipynb https://github.com/underworldcode/underworld2/blob/development/docs/publications/DrippingDelamination-BeallEtAl-2017/dripping_or_delamination.ipynb https://github.com/underworldcode/underworld2/blob/master/docs/examples/1_06_Rayleigh_Taylor.ipynb
post,craton-formation-and-the-onset-of-plate-tectonics,https://www.underworldcode.org/craton-formation-and-the-onset-of-plate-tectonics/,Craton Formation and the Onset of Plate Tectonics,2018-04-01,2026-07-07,Louis Moresi,louis,Geodynamics; Underworld Code,10.59350/c4g09-htk29,migrate,public,8685,1021,True,https://images.unsplash.com/photo-1573281284807-1d4b9c3a85ed?ixlib=rb-1.2.1&q=80&fm=jpg&crop=entropy&cs=tinysrgb&w=2000&fit=max&ixid=eyJhcHBfaWQiOjExNzczfQ,,2,2,3,https://www.underworldcode.org/content/images/2020/11/CratonsLithosphere.png https://www.underworldcode.org/content/images/size/w600/2020/11/CratonsLithosphere.png,https://underworldcode.ghost.io/content/images/2019/09/CratonFormationMovieFrames-2.png https://underworldcode.ghost.io/content/images/2019/09/CratonsLithosphere.png,https://doi.org/10.1016/j.epsl.2016.05.054 https://doi.org/10.1029/98JB01069 https://doi.org/10.1130/G39943.1
post,underworld-on-zenodo,https://www.underworldcode.org/underworld-on-zenodo/,Cite Underworld from Zenodo,2018-10-03,2026-07-07,Louis Moresi,louis,Documentation,10.59350/at0ev-7re42,migrate,public,1006,96,True,https://www.underworldcode.org/content/images/2020/08/zenodo-gradient-1000.png,,0,1,3,,https://zenodo.org/badge/DOI/10.5281/zenodo.1436039.svg,http://www.zenodo.org/ https://doi.org/10.5281/zenodo.1436039 https://zenodo.org/communities/auscope/
post,alaska-moho-model-reproducible-research-with-containers,https://www.underworldcode.org/alaska-moho-model-reproducible-research-with-containers/,Alaska Moho Model (Reproducible research with containers),2018-10-12,2026-07-07,Louis Moresi,louis,Stripy; Geodynamics,10.59350/pn8gh-98592,migrate,public,2559,236,True,https://www.underworldcode.org/content/images/2020/08/AlaskaMoHiErrs-AlaskaMohoBestM_S.png,,0,3,3,,https://mybinder.org/badge.svg https://underworldcode.ghost.io/content/images/2019/09/MohoSurfaceGradient-ClusteredGrids.png https://zenodo.org/badge/DOI/10.5281/zenodo.1459110.svg,https://doi.org/10.5281/zenodo.1459110 https://mybinder.org/v2/gh/lmoresi/miller-moho-binder/publication https://pypi.org/project/miller_alaskamoho_srl2018/
post,viscoelasticity,https://www.underworldcode.org/viscoelasticity/,Viscoelasticity in Underworld2,2019-08-12,2026-07-07,Rebecca Farrington,rebecca,Geodynamics; Underworld Code; #editors-pick,10.59350/3atx2-v4j54,migrate,public,3116,366,True,https://www.underworldcode.org/content/images/2020/08/VE.png,,0,1,1,,https://underworldcode.ghost.io/content/images/2019/08/stressHistory_dAlpha-1.png,http://onlinelibrary.wiley.com/doi/10.1002/2014GC005507/abstract
post,underworld-release-2-8,https://www.underworldcode.org/underworld-release-2-8/,Underworld Release 2.8,2019-09-03,2026-07-07,John Mansour,john,Underworld Code; Documentation,10.59350/90fe7-qqe67,migrate,public,21064,2374,True,https://www.underworldcode.org/content/images/2020/08/1_GHHNX3IYhEbMLebwplKlgQ.gif,,0,1,19,,https://cdn-images-1.medium.com/max/2400/1*1wKV7RUPKbbw4RLT_GwuVQ.png,https://doi.org/10.1007/s10852-008-9097-6 https://doi.org/10.1029/2005GC001073 https://github.com/NERSC/shifter https://github.com/jlblancoc/nanoflann https://github.com/underworldcode/underworld2/blob/master/COMPILE.md https://github.com/underworldcode/underworld2/blob/v2.8.0b/CHANGES.md https://github.com/underworldcode/underworld2/blob/v2.8.0b/docs/install_guides/xsede_stampede2_singularity.md https://github.com/underworldcode/underworld2/blob/v2.8.0b/underworld/__init__.py https://github.com/underworldcode/underworld2/issues https://github.com/underworldcode/underworld2/tree/v2.8.0b/docs/install_guides https://hub.docker.com/r/underworldcode/underworld2/tags https://mybinder.org/ https://mybinder.org/v2/gist/jmansour/03eb2508c63342ac02dca68884f0c212/master https://pawsey.org.au/systems/magnus/ https://portal.tacc.utexas.edu/user-guides/stampede2 https://pythonclock.org/ https://sebastianraschka.com/Articles/2014_python_2_3_key_diff.html https://singularity.lbl.gov/ https://underworld2.readthedocs.io/en/latest/build/underworld.mpi.html
post,adding-zotero-references-to-a-webpage,https://www.underworldcode.org/adding-zotero-references-to-a-webpage/,An automated (zotero) bibliography in a webpage,2019-10-23,2026-07-07,Louis Moresi,louis,Tricks of the Trade,10.59350/qnz5b-4dt16,migrate,public,5678,541,True,https://www.underworldcode.org/content/images/2020/08/Screen-Shot-2019-10-23-at-5.20.27-pm.png,,0,0,3,,,https://www.zotero.org/groups/2386948/underworld-geodynamics-community/items/collectionKey/QNARWBUC https://www.zotero.org/support/dev/web_api/v3/basics https://www.zotero.org/support/dev/web_api/v3/start
post,getting-started-60-seconds-to-underworld,https://www.underworldcode.org/getting-started-60-seconds-to-underworld/,Getting started: 60 seconds to Underworld,2019-11-21,2026-07-07,Rohan Byrne,rohan,Documentation,10.59350/3y92k-n4v30,migrate,public,15787,1408,True,https://www.underworldcode.org/content/images/2020/08/Caspar_David_Friedrich_-_Wanderer_above_the_sea_of_fog.jpg,,16,2,25,https://www.underworldcode.org/content/images/2020/08/Docker_hello_world-1-1.png https://www.underworldcode.org/content/images/2020/08/arrhenius0.png https://www.underworldcode.org/content/images/2020/08/arrhenius1.png https://www.underworldcode.org/content/images/2020/08/arrhenius2.png https://www.underworldcode.org/content/images/2020/08/docker_run_uw-3-1.png https://www.underworldcode.org/content/images/2020/08/notebook_opened-1-1.png https://www.underworldcode.org/content/images/2020/08/open_notebook-2-4.png https://www.underworldcode.org/content/images/2020/08/uw_in_notebook-1.png https://www.underworldcode.org/content/images/size/w600/2020/08/Docker_hello_world-1-1.png https://www.underworldcode.org/content/images/size/w600/2020/08/arrhenius0.png https://www.underworldcode.org/content/images/size/w600/2020/08/arrhenius1.png https://www.underworldcode.org/content/images/size/w600/2020/08/arrhenius2.png https://www.underworldcode.org/content/images/size/w600/2020/08/docker_run_uw-3-1.png https://www.underworldcode.org/content/images/size/w600/2020/08/notebook_opened-1-1.png https://www.underworldcode.org/content/images/size/w600/2020/08/open_notebook-2-4.png https://www.underworldcode.org/content/images/size/w600/2020/08/uw_in_notebook-1.png,https://underworldcode.ghost.io/content/images/2019/11/Docker_hello_world.png https://underworldcode.ghost.io/content/images/2019/11/timer_60_seconds.png,https://en.wikipedia.org/wiki/Containerization https://en.wikipedia.org/wiki/Gremlin https://en.wikipedia.org/wiki/Spider_(solitaire) https://en.wikipedia.org/wiki/Troubleshooting https://en.wikipedia.org/wiki/Turing_completeness https://en.wiktionary.org/wiki/Catch-22 https://en.wiktionary.org/wiki/shipshape https://github.com/underworldcode/underworld2 https://github.com/underworldcode/underworld2/issues https://macpaw.com/how-to/use-terminal-on-mac https://medium.com/geophysics-down-under https://twitter.com/underworldcode https://underworld2.readthedocs.io/en/latest/UserGuide.html https://underworldcode.ghost.io/ https://www.apple.com/au/safari/ https://www.computerhope.com/issues/chusedos.htm https://www.docker.com/ https://www.docker.com/get-started https://www.facebook.com/underworldcode/ https://www.google.com/chrome/ https://www.infoworld.com/article/3126427/go-pro-the-power-users-guide-to-powershell.html https://www.mozilla.org/en-US/firefox/new/ https://www.responsibletravel.com/holidays/safari/travel-guide/best-place-to-go-on-safari https://www.techopedia.com/definition/5817/absolute-path https://xkcd.com/705/
post,joss-publication-underworld-2,https://www.underworldcode.org/joss-publication-underworld-2/,JOSS publication - Underworld 2,2020-03-11,2026-07-07,John Mansour,john,Underworld Code,10.59350/gbzdq-dtj52,migrate,public,1107,132,True,https://www.underworldcode.org/content/images/2020/08/Screen-Shot-2020-03-11-at-10.32.26-am-1.png,,0,0,2,,,https://doi.org/10.21105/joss.01797 https://github.com/openjournals/joss-reviews/issues/1797
post,underworld-2-9,https://www.underworldcode.org/underworld-2-9/,Underworld 2.9,2020-04-03,2026-07-07,John Mansour; Julian Giordani; Romain Beucher; Louis Moresi,john; julian; romain; louis,Underworld Code,10.59350/p0vnx-b9498,migrate,public,8059,916,True,https://images.unsplash.com/photo-1555532538-dcdbd01d373d?ixlib=rb-1.2.1&q=80&fm=jpg&crop=entropy&cs=tinysrgb&w=2000&fit=max&ixid=eyJhcHBfaWQiOjExNzczfQ,,0,0,12,,,https://doi.org/10.21105/joss.01797 https://en.wikipedia.org/wiki/Docker_%28software%29 https://en.wikipedia.org/wiki/OS-level_virtualisation https://github.com/NERSC/shifter https://github.com/lavavu/LavaVu https://github.com/underworldcode/underworld2/commit/e01c14f9ca5ea204e10f6d97433a902a82ea0175 https://github.com/underworldcode/underworld2/releases/tag/v2.9.5b https://hub.docker.com/r/underworldcode/underworld2/tags https://singularity.lbl.gov/ https://www.mpich.org/ https://www.open-mpi.org/ https://zenodo.org/record/3964957
post,underworld-low-fat-cloud,https://www.underworldcode.org/underworld-low-fat-cloud/,Underworld's  lightweight cloud for online classrooms.,2020-04-06,2026-07-07,Louis Moresi,louis,AuScope UW Cloud; Underworld Code; Python/Jupyter,10.59350/mw43c-vn265,migrate,public,6060,641,True,https://www.underworldcode.org/content/images/2020/08/Screen-Shot-2020-04-06-at-4.49.26-pm.png,,0,4,9,,https://img.shields.io/badge/Cloud_Admin-Authorize_Users-Red https://img.shields.io/badge/Cloud_Admin-Hub_Control_Panel-Red https://img.shields.io/badge/Cloud_User-Launch_Demo_Notebooks-blue https://img.shields.io/badge/Cloud_User-Signup-blue,http://tljh.jupyter.org/en/latest/ https://demon.underworldcloud.org/ https://demon.underworldcloud.org/hub/admin https://demon.underworldcloud.org/hub/authorize https://demon.underworldcloud.org/hub/signup https://demon.underworldcloud.org/hub/user-redirect/git-pull https://github.com/underworld-geodynamics-cloud/underworld-cloud-droplet https://jupyterhub.github.io/nbgitpuller/ https://www.mybinder.org/
post,publication-news,https://www.underworldcode.org/publication-news/,Underworld publication news: Crustal thickness anomalies in stable continents.,2020-07-09,2026-07-07,Julian Giordani,julian,Geodynamics,10.59350/1561x-bcp63,migrate,public,2613,226,True,https://www.underworldcode.org/content/images/2020/08/Peek-2020-04-23-18-05.gif,,0,1,4,,https://mybinder.org/badge_logo.svg,https://doi.org/10.1130/G47301.1 https://github.com/underworld-community/cenki-tok-et-al-crustal-roots-in-stable-continents https://mybinder.org/v2/gh/underworld-community/cenki-tok-et-al-crustal-roots-in-stable-continents/master https://uwgeodynamics.readthedocs.io/en/latest/UserGuide.html
post,australian-cities-are-quiet-during-lockdown-earthquake-scientists-are-making-the-most-of-it,https://www.underworldcode.org/australian-cities-are-quiet-during-lockdown-earthquake-scientists-are-making-the-most-of-it/,Australian cities are quiet during lockdown. Earthquake scientists are making the most of it,2020-07-17,2026-07-07,Louis Moresi,louis,Geodynamics; Geophysics,10.59350/qpft6-wks47,migrate,public,11671,826,True,https://www.underworldcode.org/content/images/2020/08/UHS.png,https://theconversation.com/australian-cities-are-quiet-during-lockdown-earthquake-scientists-are-making-the-most-of-it-142717,0,5,11,,https://counter.theconversation.com/content/142717/count.gif?distributor=republish-lightbox-basic https://images.theconversation.com/files/347517/original/file-20200715-31-1f0ixal.png?ixlib=rb-1.1.0&q=45&auto=format&w=237&fit=clip https://images.theconversation.com/files/347517/original/file-20200715-31-1f0ixal.png?ixlib=rb-1.1.0&q=45&auto=format&w=600&h=692&fit=crop&dpr=1 https://images.theconversation.com/files/347848/original/file-20200716-17-1xkxswe.png?ixlib=rb-1.1.0&q=45&auto=format&w=237&fit=clip https://images.theconversation.com/files/347848/original/file-20200716-17-1xkxswe.png?ixlib=rb-1.1.0&q=45&auto=format&w=600&h=1364&fit=crop&dpr=1,http://ausis.edu.au/ https://images.theconversation.com/files/347517/original/file-20200715-31-1f0ixal.png https://images.theconversation.com/files/347848/original/file-20200716-17-1xkxswe.png https://raw.githubusercontent.com/ANU-RSES-Education/SeismicNoise_AuSIS_KSC/master/results/latest-hourly.png https://theconversation.com/ https://theconversation.com/australian-cities-are-quiet-during-lockdown-earthquake-scientists-are-making-the-most-of-it-142717 https://theconversation.com/institutions/australian-national-university-877 https://theconversation.com/profiles/louis-moresi-1133314 https://theconversation.com/profiles/meghan-s-miller-1105475 https://theconversation.com/the-victorian-earthquake-didnt-do-much-damage-but-the-next-one-might-7787 https://theconversation.com/underground-sounds-why-we-should-listen-to-earthquakes-5798
post,self-updating-repositories,https://www.underworldcode.org/self-updating-repositories/,Australian Seismometers in Schools - Noise monitoring dashboard,2020-07-17,2026-07-07,Louis Moresi,louis,AuScope UW Cloud; Tricks of the Trade; Geophysics; Python/Jupyter,10.59350/wftyb-vgs67,migrate,public,5549,491,True,https://www.underworldcode.org/content/images/2020/08/GithubActions.png,,0,6,14,,https://github.com/ANU-RSES-Education/Seismic_Noise_AuSIS_MAR/raw/master/results/latest.png https://raw.githubusercontent.com/ANU-RSES-Education/SeismicNoise_AuSIS_DAR/master/results/latest.png https://raw.githubusercontent.com/ANU-RSES-Education/SeismicNoise_AuSIS_KSC/master/results/latest.png https://raw.githubusercontent.com/ANU-RSES-Education/SeismicNoise_AuSIS_NRC/master/results/latest.png https://raw.githubusercontent.com/ANU-RSES-Education/SeismicNoise_AuSIS_UHS/master/results/latest-gridmap.png https://raw.githubusercontent.com/ANU-RSES-Education/SeismicNoise_AuSIS_UHS/master/results/latest.png,https://auspass.edu.au/ https://github.com/ANU-RSES-Education/SeismicNoise_AuSIS https://github.com/ANU-RSES-Education/SeismicNoise_AuSIS_DAR https://github.com/ANU-RSES-Education/SeismicNoise_AuSIS_KSC https://github.com/ANU-RSES-Education/SeismicNoise_AuSIS_MAR https://github.com/ANU-RSES-Education/SeismicNoise_AuSIS_NRC https://github.com/ANU-RSES-Education/SeismicNoise_AuSIS_UHS https://github.com/ThomasLecocq/SeismoRMS https://github.com/features/actions https://images.theconversation.com/files/347848/original/file-20200716-17-1xkxswe.png https://theconversation.com/australian-cities-are-quiet-during-lockdown-earthquake-scientists-are-making-the-most-of-it-142717 https://theconversation.com/institutions/australian-national-university-877 https://theconversation.com/profiles/louis-moresi-1133314 https://theconversation.com/profiles/meghan-s-miller-1105475
post,covid-quiet-time,https://www.underworldcode.org/covid-quiet-time/,COVID-19 lockdown leads to seismic noise “quiet period”,2020-07-24,2026-07-07,Louis Moresi,louis,Geophysics; Python/Jupyter,10.59350/werfa-yd829,migrate,public,5898,607,True,https://www.underworldcode.org/content/images/2020/08/SuperimposedBanner-1.png,,2,0,6,https://www.underworldcode.org/content/images/2020/08/CombinedSearchAndNoise.png https://www.underworldcode.org/content/images/size/w600/2020/08/CombinedSearchAndNoise.png,,http://rses.anu.edu.au/people/academics/associate-professor-meghan-s-miller https://au.finance.yahoo.com/ https://github.com/ https://science.sciencemag.org/content/early/2020/07/22/science.abd2438 https://www.auscope.org.au/geophysical-observatory https://www.google.com/covid19/mobility/
post,stripy-2-0-released,https://www.underworldcode.org/stripy-2-0-released/,Stripy 2.0 released,2020-08-26,2026-07-07,Ben Mather,ben-mather,Stripy; Python/Jupyter,10.59350/bpy2d-6ww41,migrate,public,3442,294,True,https://images.unsplash.com/photo-1452717602770-b78d1b2115e1?ixlib=rb-1.2.1&q=80&fm=jpg&crop=entropy&cs=tinysrgb&w=2000&fit=max&ixid=eyJhcHBfaWQiOjExNzczfQ,,5,0,2,https://www.underworldcode.org/content/images/2020/08/seafloor-age-topo.png https://www.underworldcode.org/content/images/2020/08/spline_tension.png https://www.underworldcode.org/content/images/2020/08/voronoi.png https://www.underworldcode.org/content/images/size/w600/2020/08/seafloor-age-topo.png https://www.underworldcode.org/content/images/size/w600/2020/08/spline_tension.png,,https://github.com/underworldcode/stripy https://github.com/underworldcode/stripy/blob/master/CONTRIBUTING.md
post,underworld-2-10,https://www.underworldcode.org/underworld-2-10/,Underworld 2.10,2020-09-04,2026-07-07,Julian Giordani; John Mansour,julian; john,Underworld Code,10.59350/dwxt3-tgj66,migrate,public,2120,154,True,https://www.underworldcode.org/content/images/2020/09/eta-11.png,,0,1,5,,https://mybinder.org/badge_logo.svg,https://github.com/underworldcode/UWGeodynamics/tree/v2.10.1 https://github.com/underworldcode/underworld2/blob/v2.10.1b/Installation.rst https://github.com/underworldcode/underworld2/commit/61b1db7239b12c853c3338b18cc24d03e86e9f95 https://github.com/underworldcode/underworld2/issues https://mybinder.org/v2/gh/underworldcode/underworld2/v2.10.1b
post,here-comes-conda,https://www.underworldcode.org/here-comes-conda/,Here comes Conda...,2020-11-16,2026-07-07,Romain Beucher,romain,Underworld Code; Documentation; AuScope UW Cloud,10.59350/4c21r-t7c68,migrate,public,6990,796,True,https://images.unsplash.com/photo-1589313559299-3478ef68a0e1?ixlib=rb-1.2.1&q=80&fm=jpg&crop=entropy&cs=tinysrgb&w=2000&fit=max&ixid=eyJhcHBfaWQiOjExNzczfQ,,1,0,9,https://www.underworldcode.org/content/images/2020/11/conda_logo.svg,,https://anaconda.org/geo-down-under https://docs.conda.io/en/latest/ https://docs.conda.io/en/latest/miniconda.html https://github.com/lavavu/LavaVu.git https://github.com/underworldcode/UWGeodynamics.git https://github.com/underworldcode/stripy.git https://github.com/underworldcode/underworld2.git https://www.anaconda.com/ https://www.docker.com/
post,getting-started-with-pull-requests,https://www.underworldcode.org/getting-started-with-pull-requests/,Getting started with Pull requests,2020-11-17,2026-07-07,Romain Beucher,romain,Tricks of the Trade; Documentation,10.59350/cj1d1-e4445,migrate,public,8928,974,True,https://images.unsplash.com/photo-1495772550304-5962cc25f046?ixlib=rb-1.2.1&q=80&fm=jpg&crop=entropy&cs=tinysrgb&w=2000&fit=max&ixid=eyJhcHBfaWQiOjExNzczfQ,,8,0,0,https://www.underworldcode.org/content/images/2020/11/Screenshot-from-2020-11-17-09-58-44.png https://www.underworldcode.org/content/images/2020/11/Screenshot-from-2020-11-17-10-40-16.png https://www.underworldcode.org/content/images/2020/11/Screenshot-from-2020-11-17-10-41-26.png https://www.underworldcode.org/content/images/2020/11/github-mark.png https://www.underworldcode.org/content/images/size/w600/2020/11/Screenshot-from-2020-11-17-09-58-44.png https://www.underworldcode.org/content/images/size/w600/2020/11/Screenshot-from-2020-11-17-10-40-16.png https://www.underworldcode.org/content/images/size/w600/2020/11/Screenshot-from-2020-11-17-10-41-26.png https://www.underworldcode.org/content/images/size/w600/2020/11/github-mark.png,,
post,build-conda-packages,https://www.underworldcode.org/build-conda-packages/,How to build Conda packages?,2020-11-23,2026-07-07,Romain Beucher,romain,Tricks of the Trade; Documentation; #editors-pick,10.59350/7x9h6-y1x53,migrate,public,9761,1167,True,https://images.unsplash.com/photo-1466071110707-a017f96ef5c9?ixlib=rb-1.2.1&q=80&fm=jpg&crop=entropy&cs=tinysrgb&w=2000&fit=max&ixid=eyJhcHBfaWQiOjExNzczfQ,,2,0,3,https://www.underworldcode.org/content/images/2020/11/landing-page.jpg https://www.underworldcode.org/content/images/size/w600/2020/11/landing-page.jpg,,https://docs.conda.io/projects/conda-build/en/latest/concepts/recipe.html https://en.wikipedia.org/wiki/Recursive_acronym https://en.wikipedia.org/wiki/YAML
post,stress-recovery-in-underworld,https://www.underworldcode.org/stress-recovery-in-underworld/,Stress recovery in Underworld,2021-01-11,2026-07-07,Haibin Yang,haibin,Geodynamics,10.59350/97evt-ays09,migrate,public,6294,668,True,https://www.underworldcode.org/content/images/2021/01/1-s2.0-S0031920120303976-ga1_lrg.jpeg,,2,0,6,https://www.underworldcode.org/content/images/2021/01/image.png https://www.underworldcode.org/content/images/size/w600/2021/01/image.png,,https://doi.org/10.1002/nme.1620330702 https://doi.org/10.1002/nme.1620330703 https://doi.org/10.1016/j.pepi.2020.106637 https://github.com/YangHaibin1102/Test_jpnbLink/blob/master/Benchmark_Stress_Recovery.ipynb https://mybinder.org/v2/gh/YangHaibin1102/Test_jpnbLink/HEAD https://www.sciencedirect.com/science/article/pii/S0031920120303976
post,scaling-in-underworld,https://www.underworldcode.org/scaling-in-underworld/,Scaling in Underworld,2021-03-09,2026-07-07,Julian Giordani; Louis Moresi; John Mansour,julian; louis; john,Documentation; Underworld Code,10.59350/qvgm0-yz754,migrate,public,4283,292,True,https://images.unsplash.com/photo-1511762730500-cdeddc55ef89?crop=entropy&cs=tinysrgb&fit=max&fm=jpg&ixid=MnwxMTc3M3wwfDF8c2VhcmNofDE4fHxzY2FsZXN8ZW58MHx8fHwxNjE1ODQ4ODcy&ixlib=rb-1.2.1&q=80&w=2000,,6,0,1,https://www.underworldcode.org/content/images/2021/03/Weak-Scaling-Timing-SolDB3d-Q1--base-16--MaxIts-100.png https://www.underworldcode.org/content/images/2021/03/f4efe6bc-57da-456a-97c3-cc4def294ae9.png https://www.underworldcode.org/content/images/2021/03/image-1.png https://www.underworldcode.org/content/images/size/w600/2021/03/Weak-Scaling-Timing-SolDB3d-Q1--base-16--MaxIts-100.png https://www.underworldcode.org/content/images/size/w600/2021/03/f4efe6bc-57da-456a-97c3-cc4def294ae9.png https://www.underworldcode.org/content/images/size/w600/2021/03/image-1.png,,https://underworld2.readthedocs.io/en/latest/build/underworld.function.analytic.html
post,how-to-install-underworld-on-mac-osx-big-sur-apple-silicon-m1,https://www.underworldcode.org/how-to-install-underworld-on-mac-osx-big-sur-apple-silicon-m1/,How to install Underworld on Mac OSX (Apple Silicon M1),2021-09-07,2026-07-07,Romain Beucher,romain,Documentation; Tricks of the Trade; Underworld Code,10.59350/8nsyv-btx30,migrate,public,2536,266,True,https://images.unsplash.com/photo-1598495037740-2c360cf49e50?crop=entropy&cs=tinysrgb&fit=max&fm=jpg&ixid=MnwxMTc3M3wwfDF8c2VhcmNofDEyfHxhcHBsZSUyMHNpbGljb258ZW58MHx8fHwxNjMxMDA5ODgx&ixlib=rb-1.2.1&q=80&w=2000,,0,0,0,,,
post,2-11-scaling,https://www.underworldcode.org/2-11-scaling/,Underworld 2.11 Scaling,2021-09-30,2026-07-07,Julian Giordani; John Mansour,julian; john,Underworld Code; Documentation,10.59350/3wz3c-c8w65,migrate,public,5342,448,True,https://www.underworldcode.org/content/images/2021/09/Gadi-3-2-1.jpg,,5,0,8,https://www.underworldcode.org/content/images/2021/09/Strong-Scaling-Gadi-solid--vs-Magnus-dashed--2.png https://www.underworldcode.org/content/images/2021/09/Strong-Scaling-Gadi-solid--vs-Magnus-dashed--256-3-Resolution-1-1.png https://www.underworldcode.org/content/images/2021/09/Weak-Scaling-Gadi-solid--vs-Magnus-dashed--1-1.png https://www.underworldcode.org/content/images/2021/09/Weak-Scaling-Gadi-solid--vs-Magnus-dashed--32-3-PerProc-1.png https://www.underworldcode.org/content/images/size/w600/2021/09/Strong-Scaling-Gadi-solid--vs-Magnus-dashed--2.png,,https://cloudstor.aarnet.edu.au/plus/s/11Fearv7XUQ9SZ1/download https://cloudstor.aarnet.edu.au/plus/s/xaNlPXMAYoLv3O5/download https://cloudstor.aarnet.edu.au/plus/s/yQ9MWqVknacxQnc/download https://cloudstor.aarnet.edu.au/plus/s/zLCYMcHEIEetrLg/download https://github.com/underworldcode/scaling_scripts https://nci.org.au/our-systems/hpc-systems https://pawsey.org.au/systems/magnus/ https://underworld2.readthedocs.io/en/latest/build/underworld.function.analytic.html
post,free-surface-in-underworld,https://www.underworldcode.org/free-surface-in-underworld/,Free surface in Underworld,2021-12-03,2026-07-07,Neng Lu,neng,,10.59350/1a3e6-3v712,migrate,public,6085,592,True,https://www.underworldcode.org/content/images/2021/12/1153587205.jpg,,5,0,6,https://www.underworldcode.org/content/images/2021/12/F_Slab_kaus2010.png https://www.underworldcode.org/content/images/2021/12/F_ToBeContinued.png https://www.underworldcode.org/content/images/2021/12/kaus2010RTI.gif https://www.underworldcode.org/content/images/size/w600/2021/12/F_Slab_kaus2010.png https://www.underworldcode.org/content/images/size/w600/2021/12/F_ToBeContinued.png,,https://github.com/underworldcode/UWGeodynamics https://github.com/underworldcode/UWGeodynamics/blob/development/docs/examples/1_23_01_FreeSurface_Simple_Example.ipynb https://github.com/underworldcode/UWGeodynamics/blob/development/docs/examples/1_23_02_FreeSurface_Kaus2010_Rayleigh-Taylor_Instability.ipynb https://github.com/underworldcode/UWGeodynamics/blob/development/docs/examples/1_23_03_FreeSurface_Crameri2012Case1_Relaxation.ipynb https://github.com/underworldcode/UWGeodynamics/blob/development/docs/examples/1_23_04_FreeSurface_Crameri2012Case2_Rising_Plume.ipynb https://github.com/underworldcode/UWGeodynamics/blob/development/docs/tutorials/Tutorial_10_Thrust_Wedges.ipynb
post,setting-up-underworld-dependencies,https://www.underworldcode.org/setting-up-underworld-dependencies/,Configuring and Installing PETSc for Underworld,2022-01-20,2026-07-07,Romain Beucher,romain,petsc; installation; Underworld Code,10.59350/t7ghx-8f823,migrate,public,8735,949,True,https://images.unsplash.com/photo-1510511459019-5dda7724fd87?crop=entropy&cs=tinysrgb&fit=max&fm=jpg&ixid=M3wxMTc3M3wwfDF8c2VhcmNofDE4fHxiaW5hcnklMjBjb2RlfGVufDB8fHx8MTY5ODEyNjY1N3ww&ixlib=rb-4.0.3&q=80&w=2000,,0,0,1,,,https://doi.org/10.59350/t7ghx-8f823
post,using-python-virtual-environment-for-underworld-development,https://www.underworldcode.org/using-python-virtual-environment-for-underworld-development/,Developing Underworld using Python Virtual Environments,2022-01-20,2026-07-07,Romain Beucher,romain,Documentation; development; Python/Jupyter,10.59350/681vw-w9h32,migrate,public,8075,989,True,https://www.underworldcode.org/content/images/2022/01/1_hicFMnjJf8GyP0sleHrTbA.png,,0,0,0,,,
post,uwgeodynamics-and-underworld-merge,https://www.underworldcode.org/uwgeodynamics-and-underworld-merge/,Folding UWGeodynamics into Underworld,2022-05-24,2026-07-07,Romain Beucher,romain,,10.59350/ng0d5-23959,migrate,public,1309,150,True,https://images.unsplash.com/photo-1601490343010-278df88ce412?crop=entropy&cs=tinysrgb&fit=max&fm=jpg&ixid=M3wxMTc3M3wwfDF8c2VhcmNofDR8fHdoaXNrfGVufDB8fHx8MTcxOTI4MDQwMnww&ixlib=rb-4.0.3&q=80&w=2000,,0,0,2,,,https://github.com/underworldcode/UWGeodynamics https://github.com/underworldcode/underworld2
post,ismip-hom-benchmark-experiments-using-underworld,https://www.underworldcode.org/ismip-hom-benchmark-experiments-using-underworld/,ISMIP-HOM benchmark experiments using Underworld,2023-02-20,2026-07-07,Haibin Yang,haibin,,10.59350/8196m-xmj49,migrate,public,8922,1062,True,https://www.underworldcode.org/content/images/2023/02/velocity_10000.0-2.png,,3,0,8,https://www.underworldcode.org/content/images/2023/02/Fig1-1.png https://www.underworldcode.org/content/images/2023/02/Fig2.png https://www.underworldcode.org/content/images/2023/02/Fig3.png,,"https://doi.org/10.1007/s00024-004-2575-5 https://doi.org/10.1016/S0021-9991(02)00031-1 https://doi.org/10.1016/j.pepi.2020.106637 https://doi.org/10.5194/gmd-15-8749-2022,%202022. https://doi.org/10.5194/gmd-15-8749-2022-supplement https://doi.org/10.5281/zenodo.7384424 https://frank.pattyn.web.ulb.be/ismip/welcome.html https://github.com/underworld-community/sachau-et-al-ice-sheet/blob/main/Exp_B_2D.ipynb"
post,compressible-convection-in-cartesian-coordinates-in-underworld3,https://www.underworldcode.org/compressible-convection-in-cartesian-coordinates-in-underworld3/,Compressible convection in cartesian coordinates with Underworld3,2023-10-04,2026-07-07,Juan Carlos Graciosa,juan,Geodynamics,10.59350/g4ysn-pv176,migrate,public,14007,1397,True,https://images.unsplash.com/photo-1625662276901-4a7ec44fbeed?crop=entropy&cs=tinysrgb&fit=max&fm=jpg&ixid=M3wxMTc3M3wwfDF8c2VhcmNofDExfHxjcnVzaGVkfGVufDB8fHx8MTY5Nzk2NzE0Nnww&ixlib=rb-4.0.3&q=80&w=2000,https://doi.org/10.59350/g4ysn-pv176,12,0,8,https://www.underworldcode.org/content/images/2023/09/TALA-cartesian.png https://www.underworldcode.org/content/images/2023/09/uw3_tala_code_fig1.png https://www.underworldcode.org/content/images/2023/09/uw3_tala_code_fig2.png https://www.underworldcode.org/content/images/2023/09/uw3_tala_code_fig3.png https://www.underworldcode.org/content/images/2023/09/uw3_tala_code_fig4.png https://www.underworldcode.org/content/images/2023/09/uw3_tala_code_fig5.png https://www.underworldcode.org/content/images/size/w600/2023/09/TALA-cartesian.png https://www.underworldcode.org/content/images/size/w600/2023/09/uw3_tala_code_fig1.png https://www.underworldcode.org/content/images/size/w600/2023/09/uw3_tala_code_fig2.png https://www.underworldcode.org/content/images/size/w600/2023/09/uw3_tala_code_fig3.png https://www.underworldcode.org/content/images/size/w600/2023/09/uw3_tala_code_fig4.png https://www.underworldcode.org/content/images/size/w600/2023/09/uw3_tala_code_fig5.png,,https://doi.org/10.1017/S002211208000225X https://doi.org/10.1029/2006JB004505 https://doi.org/10.1029/94JB00852 https://doi.org/10.1029/JZ057i002p00227 https://doi.org/10.1093/gji/ggaa078 https://doi.org/10.1111/j.1365-246X.2009.04413.x https://doi.org/10.5194/se-13-583-2022 https://github.com/underworld-community/UW3-benchmarks/blob/dev/Working/Cartesian/Ex_Convection_TALA_benchmark.py
post,30-years-of-citcom-ellipsis-and-underworld,https://www.underworldcode.org/30-years-of-citcom-ellipsis-and-underworld/,"30 Years of Citcom, Ellipsis and Underworld",2024-01-16,2026-07-07,Louis Moresi,louis,Underworld Code; Geophysics; Auscope,10.59350/hsp06-ag431,migrate,public,7143,726,True,https://images.unsplash.com/photo-1564228511783-821f2f547f44?crop=entropy&cs=tinysrgb&fit=max&fm=jpg&ixid=M3wxMTc3M3wwfDF8c2VhcmNofDYxfHxiaXJ0aGRheXxlbnwwfHx8fDE3MDUyODM0NjR8MA&ixlib=rb-4.0.3&q=80&w=2000,https://doi.org/10.59350/hsp06-ag431,2,0,6,https://www.underworldcode.org/content/images/2024/01/Screenshot-2024-01-16-at-9.27.44-pm.png https://www.underworldcode.org/content/images/size/w600/2024/01/Screenshot-2024-01-16-at-9.27.44-pm.png,,https://doi.org/10.1016/0031-9201(96)03163-9 https://doi.org/10.1016/S0021-9991(02)00031-1 https://doi.org/10.1016/j.pepi.2007.06.009 https://doi.org/10.1029/2000JB900003 https://doi.org/10.1063/1.868465 https://en.wikipedia.org/wiki/1994_Northridge_earthquake
post,underworld3-come-and-get-it,https://www.underworldcode.org/underworld3-come-and-get-it/,Underworld3,2024-12-08,2026-07-07,Louis Moresi,louis,Underworld Code; petsc,10.59350/z0c1r-rpg80,migrate,public,7593,744,True,https://www.underworldcode.org/content/images/2024/11/Screenshot-2024-11-07-at-10.35.34-PM.png,,6,0,3,https://www.underworldcode.org/content/images/2024/12/Screenshot-2024-12-07-at-11.53.08-AM-1.png https://www.underworldcode.org/content/images/2024/12/Screenshot-2024-12-07-at-4.14.37-PM.png https://www.underworldcode.org/content/images/2024/12/Screenshot-2024-12-07-at-5.30.37-PM.png https://www.underworldcode.org/content/images/size/w600/2024/12/Screenshot-2024-12-07-at-11.53.08-AM-1.png https://www.underworldcode.org/content/images/size/w600/2024/12/Screenshot-2024-12-07-at-4.14.37-PM.png https://www.underworldcode.org/content/images/size/w600/2024/12/Screenshot-2024-12-07-at-5.30.37-PM.png,,https://github.com/underworldcode/underworld3 https://mybinder.org/v2/gh/underworld-community/uw3-demo-launcher/HEAD https://underworldcode.github.io/underworld3/development/_quickstart/index.html
post,underworld-and-singularity,https://www.underworldcode.org/underworld-and-singularity/,Underworld and Singularity,2025-04-09,2026-07-07,Julian Giordani,julian,Underworld Code; Tricks of the Trade,10.59350/hfgvn-dkk05,migrate,public,5636,489,True,https://images.unsplash.com/photo-1601897690942-bcacbad33e55?crop=entropy&cs=tinysrgb&fit=max&fm=jpg&ixid=M3wxMTc3M3wwfDF8c2VhcmNofDE5fHxjb250YWluZXJ8ZW58MHx8fHwxNzQ0MTc3MjE0fDA&ixlib=rb-4.0.3&q=80&w=2000,,4,0,2,https://www.underworldcode.org/content/images/2025/04/Weak-Scaling-UW-2.16-1.png https://www.underworldcode.org/content/images/2025/04/data-src-image-162f5c11-fa50-4e21-a1d0-ff8bca639dcd.png https://www.underworldcode.org/content/images/size/w600/2025/04/Weak-Scaling-UW-2.16-1.png https://www.underworldcode.org/content/images/size/w600/2025/04/data-src-image-162f5c11-fa50-4e21-a1d0-ff8bca639dcd.png,,https://opus.nci.org.au/spaces/Help/pages/236881323/What+is+Gadi+... https://pawsey.atlassian.net/wiki/spaces/US/pages/51925434/Setonix+User+Guide
post,perth-youre-invited-to-the-underworld-geodynamic-modelling-workshop,https://www.underworldcode.org/perth-youre-invited-to-the-underworld-geodynamic-modelling-workshop/,"Underworld Geodynamic Modelling Workshop. Perth, 7 May 2025",2025-04-29,2026-07-07,Louis Moresi,louis,Underworld Workshops; Getting Started; Geodynamics,10.59350/8vp5e-6cx59,migrate,public,4046,211,True,https://images.unsplash.com/photo-1519389950473-47ba0277781c?crop=entropy&cs=tinysrgb&fit=max&fm=jpg&ixid=M3wxMTc3M3wwfDF8c2VhcmNofDIxfHx3b3Jrc2hvcHxlbnwwfHx8fDE3NDU4Mzk0ODV8MA&ixlib=rb-4.0.3&q=80&w=2000,,2,4,4,https://www.underworldcode.org/content/images/2025/04/Screenshot-2025-04-29-at-10.27.20-am.png https://www.underworldcode.org/content/images/size/w600/2025/04/Screenshot-2025-04-29-at-10.27.20-am.png,https://anu-rses-education.github.io/Zero-2-Python-for-Earth-Sciences/book/assets/ANU-logo.jpg https://avatars.githubusercontent.com/u/14074661?s=280&v=4 https://github.githubassets.com/assets/pinned-octocat-093da3e6fa40.svg https://static.ghost.org/v5.0.0/images/link-icon.svg,https://anu-rses-education.github.io/Zero-2-Python-for-Earth-Sciences/book/1-Basics/Ex1-IntroWebPython.html https://campusmap.curtin.edu.au/bentley/ https://forms.gle/TiM7Km8cLVr9LqcJ7 https://github.com/underworldcode
post,how-many-processors-should-we-use-to-solve-problem-x,https://www.underworldcode.org/how-many-processors-should-we-use-to-solve-problem-x/,How many processors should we use to solve Problem X?,2025-07-27,2026-07-07,Juan Carlos Graciosa; Louis Moresi,juan; louis,Documentation; Tricks of the Trade; Underworld Code,10.59350/tjm5s-sfs33,migrate,public,9149,1015,True,https://images.unsplash.com/photo-1577894947058-cfdae4276bef?crop=entropy&cs=tinysrgb&fit=max&fm=jpg&ixid=M3wxMTc3M3wwfDF8c2VhcmNofDMwfHxmYWN0b3J5JTIwd29ya2VyfGVufDB8fHx8MTc1MzU4MjUyM3ww&ixlib=rb-4.1.0&q=80&w=2000,,4,2,1,https://www.underworldcode.org/content/images/2025/07/models_fig.png https://www.underworldcode.org/content/images/2025/07/strong_scaling.png https://www.underworldcode.org/content/images/size/w600/2025/07/models_fig.png https://www.underworldcode.org/content/images/size/w600/2025/07/strong_scaling.png,https://nci.org.au/sites/default/files/styles/large_side_image/public/images/2020-06/Gadi-19-2.jpg?h=0fc90738&itok=jYEi6Bi8 https://static.ghost.org/v5.0.0/images/link-icon.svg,https://nci.org.au/our-systems/hpc-systems
post,new-features-of-the-surface-coupling-framework-in-underworld-2,https://www.underworldcode.org/new-features-of-the-surface-coupling-framework-in-underworld-2/,New features of the surface-coupling framework in Underworld 2,2025-08-25,2026-07-07,Neng Lu,neng,Underworld Code,10.59350/zqv83-gbf84,migrate,public,8362,690,True,https://www.underworldcode.org/content/images/2025/07/Lake-Louise.png,,10,0,4,https://www.underworldcode.org/content/images/2025/07/Fig_CM_ex2thrust_topo_material-1.png https://www.underworldcode.org/content/images/2025/07/Fig_CM_exLmodel_topo_material.png https://www.underworldcode.org/content/images/2025/07/Screenshot-from-2025-07-17-13-47-55.png https://www.underworldcode.org/content/images/2025/07/Screenshot-from-2025-07-21-12-35-15.png https://www.underworldcode.org/content/images/2025/07/Tutorial_10_bcs.png https://www.underworldcode.org/content/images/size/w600/2025/07/Fig_CM_ex2thrust_topo_material-1.png https://www.underworldcode.org/content/images/size/w600/2025/07/Fig_CM_exLmodel_topo_material.png https://www.underworldcode.org/content/images/size/w600/2025/07/Screenshot-from-2025-07-17-13-47-55.png https://www.underworldcode.org/content/images/size/w600/2025/07/Screenshot-from-2025-07-21-12-35-15.png https://www.underworldcode.org/content/images/size/w600/2025/07/Tutorial_10_bcs.png,,https://github.com/underworld-community/uwg-coupling-test https://github.com/underworldcode/underworld2/commits/v2.17.x/ https://github.com/underworldcode/underworld2/issues/723 https://mybinder.org/v2/gh/underworld-community/uwg-coupling-test.git/HEAD
post,underworld3-published-in-journal-of-open-source-software,https://www.underworldcode.org/underworld3-published-in-journal-of-open-source-software/,Underworld3 published in Journal of Open Source Software,2025-08-25,2026-07-07,Louis Moresi; Julian Giordani; John Mansour,louis; julian; john,Underworld Code; Python/Jupyter,10.59350/a085z-qzh60,migrate,public,7157,792,True,https://images.unsplash.com/photo-1513542992587-cd39ba97057c?crop=entropy&cs=tinysrgb&fit=max&fm=jpg&ixid=M3wxMTc3M3wwfDF8c2VhcmNofDExfHxqb3VybmFsfGVufDB8fHx8MTc1NjEyMTk5Mnww&ixlib=rb-4.1.0&q=80&w=2000,,0,1,7,,https://joss.theoj.org/papers/10.21105/joss.07831/status.svg,https://arxiv.org/abs/1309.1204 https://doi.org/10.1016/j.advwatres.2011.04.013 https://doi.org/10.21105/joss.07831 https://doi.org/10.21105/joss.07831. https://doi.org/10.5281/zenodo.16810746 https://doi.org/10.7717/peerj-cs.103 https://zenodo.org/records/16838572
post,ai-and-scientific-software-what-we-learned-rebuilding-underworld3,https://www.underworldcode.org/ai-and-scientific-software-what-we-learned-rebuilding-underworld3/,AI and Scientific Software: What We Learned Rebuilding Underworld3,2026-03-23,2026-07-07,Louis Moresi,louis,Underworld Code; Tricks of the Trade; Auscope,10.59350/rmayz-81x80,migrate,public,13381,1809,True,https://images.unsplash.com/photo-1739805591936-39f03383c9a9?crop=entropy&cs=tinysrgb&fit=max&fm=jpg&ixid=M3wxMTc3M3wwfDF8c2VhcmNofDE2fHxBSXxlbnwwfHx8fDE3NzQyNDUyMDR8MA&ixlib=rb-4.1.0&q=80&w=2000,,0,0,0,,,
post,our-journey-from-underworld2-to-underworld3,https://www.underworldcode.org/our-journey-from-underworld2-to-underworld3/,Our Journey from Underworld2 to Underworld3,2026-03-23,2026-07-07,Louis Moresi; John Mansour; Julian Giordani; Romain Beucher,louis; john; julian; romain,Underworld Code; Geodynamics; Tricks of the Trade,10.59350/brqdq-9yq62,migrate,public,10614,1529,True,https://images.unsplash.com/photo-1502990313206-7f37a9514bea?crop=entropy&cs=tinysrgb&fit=max&fm=jpg&ixid=M3wxMTc3M3wwfDF8c2VhcmNofDU5fHxqb3VybmV5fGVufDB8fHx8MTc3NDI1ODE1Mnww&ixlib=rb-4.1.0&q=80&w=2000,,0,0,0,,,
post,how-underworld3-turns-sympy-into-c,https://www.underworldcode.org/how-underworld3-turns-sympy-into-c/,How Underworld3 Turns SymPy into C,2026-04-01,2026-07-07,Louis Moresi; John Mansour; Julian Giordani,louis; john; julian,Underworld Code; Tricks of the Trade; development,10.59350/kdve8-7es40,migrate,public,18879,2306,True,https://images.unsplash.com/photo-1758685733685-7e0f30c35a17?crop=entropy&cs=tinysrgb&fit=max&fm=jpg&ixid=M3wxMTc3M3wwfDF8c2VhcmNofDQ4fHxtYXRoc3xlbnwwfHx8fDE3NzQ5ODkyODN8MA&ixlib=rb-4.1.0&q=80&w=2000,,2,0,1,https://www.underworldcode.org/content/images/2026/03/Screenshot-2026-03-30-at-3.53.35-pm.png https://www.underworldcode.org/content/images/size/w600/2026/03/Screenshot-2026-03-30-at-3.53.35-pm.png,,https://github.com/underworldcode/underworld3
post,mesh-variables-and-petsc-vectors-keeping-arrays-in-sync,https://www.underworldcode.org/mesh-variables-and-petsc-vectors-keeping-arrays-in-sync/,Mesh Variables and PETSc Vectors: Keeping Arrays in Sync,2026-04-03,2026-07-07,Louis Moresi,louis,Underworld Code; development,10.59350/6mxqs-3p708,migrate,public,8590,989,True,https://images.unsplash.com/photo-1642602519174-0318c786f6d8?crop=entropy&cs=tinysrgb&fit=max&fm=jpg&ixid=M3wxMTc3M3wwfDF8c2VhcmNofDd8fHRpbWluZ3xlbnwwfHx8fDE3NzUxNjg3MDN8MA&ixlib=rb-4.1.0&q=80&w=2000,,2,0,0,https://www.underworldcode.org/content/images/2026/04/arrays-sync-flow.png https://www.underworldcode.org/content/images/size/w600/2026/04/arrays-sync-flow.png,,
post,physical-units-in-computational-geodynamics,https://www.underworldcode.org/physical-units-in-computational-geodynamics/,Physical Units in Computational Geodynamics,2026-04-08,2026-07-07,Louis Moresi; Ben Knight,louis; benknight,Underworld Code; development,10.59350/2390e-w7d86,migrate,public,17728,2379,True,https://images.unsplash.com/photo-1611077544775-6e72542a206f?crop=entropy&cs=tinysrgb&fit=max&fm=jpg&ixid=M3wxMTc3M3wwfDF8c2VhcmNofDI5fHxzY2FsZXxlbnwwfHx8fDE3NzU1OTkxNTZ8MA&ixlib=rb-4.1.0&q=80&w=2000,,0,0,1,,,https://github.com/underworldcode/underworld3
post,constitutive-models-in-symbolic-form,https://www.underworldcode.org/constitutive-models-in-symbolic-form/,Constitutive Models in Symbolic Form,2026-04-13,2026-07-07,Louis Moresi,louis,Underworld Code; Tricks of the Trade; development,10.59350/5fe9q-8ps48,migrate,public,17680,2243,True,https://images.unsplash.com/photo-1665473052284-164335672208?crop=entropy&cs=tinysrgb&fit=max&fm=jpg&ixid=M3wxMTc3M3wwfDF8c2VhcmNofDV8fHN5cnVwfGVufDB8fHx8MTc3NTc1MzA5NXww&ixlib=rb-4.1.0&q=80&w=2000,,0,0,0,,,
post,symbolic-time-derivatives-in-underworld3,https://www.underworldcode.org/symbolic-time-derivatives-in-underworld3/,Symbolic Time Derivatives in Underworld3,2026-04-16,2026-07-07,Louis Moresi,louis,Underworld Code; Tricks of the Trade; Documentation; development,,migrate,public,13149,1793,True,https://images.unsplash.com/photo-1501139083538-0139583c060f?crop=entropy&cs=tinysrgb&fit=max&fm=jpg&ixid=M3wxMTc3M3wwfDF8c2VhcmNofDF8fHRpbWV8ZW58MHx8fHwxNzc2MjY5Njk5fDA&ixlib=rb-4.1.0&q=80&w=2000,,0,0,0,,,
post,particles-in-underworld3,https://www.underworldcode.org/particles-in-underworld3/,Particles in Underworld3,2026-06-03,2026-07-07,Louis Moresi,louis,Underworld Code; Documentation; development,,migrate,public,10081,1329,True,https://images.unsplash.com/photo-1679633613968-6b5091f24475?crop=entropy&cs=tinysrgb&fit=max&fm=jpg&ixid=M3wxMTc3M3wwfDF8c2VhcmNofDc2fHxwYXJ0aWNsZXN8ZW58MHx8fHwxNzgwNDY5MzIxfDA&ixlib=rb-4.1.0&q=80&w=2000,,0,0,1,,,https://github.com/underworldcode/underworld3
post,finding-particles-in-a-distributed-unstructured-mesh,https://www.underworldcode.org/finding-particles-in-a-distributed-unstructured-mesh/,"Finding Particles in a Distributed, Unstructured Mesh",2026-06-04,2026-07-07,Louis Moresi,louis,Underworld Code; development,,migrate,public,17000,1868,True,https://images.unsplash.com/photo-1590278458425-6aa3912a48a5?crop=entropy&cs=tinysrgb&fit=max&fm=jpg&ixid=M3wxMTc3M3wwfDF8c2VhcmNofDF8fG1hemV8ZW58MHx8fHwxNzgwNTAyMzEzfDA&ixlib=rb-4.1.0&q=80&w=2000,,7,0,0,https://www.underworldcode.org/content/images/2026/06/boundary-demo.png https://www.underworldcode.org/content/images/2026/06/domain-demo.png https://www.underworldcode.org/content/images/2026/06/element-location-demo.png https://www.underworldcode.org/content/images/2026/06/mesh-demo.png https://www.underworldcode.org/content/images/size/w600/2026/06/boundary-demo.png https://www.underworldcode.org/content/images/size/w600/2026/06/domain-demo.png https://www.underworldcode.org/content/images/size/w600/2026/06/element-location-demo.png,,
post,sysinfo-3c8a5c38,https://www.underworldcode.org/sysinfo-3c8a5c38/,SYSINFO-underworldcode.org,2026-07-31,2026-07-31,Louis Moresi,louis,,,artefact,public,0,0,False,,,0,0,0,,,
